Datetime,Open,High,Low,Close,Volume,Dividends,Stock Splits
2020-09-14 09:30:00-04:00,114.72,114.82,114.21,114.23,5379688,0,0
2020-09-14 09:31:00-04:00,114.22,114.73,113.86,113.98,958816,0,0
2020-09-14 09:34:00-04:00,114.13,114.16,113.72,113.78,1699137,0,0
2020-09-14 09:35:00-04:00,113.91,113.96,113.59,113.6,780171,0,0
2020-09-14 09:36:00-04:00,113.6,113.99,113.52,113.95,508385,0,0
2020-09-14 09:37:00-04:00,113.94,114.38,113.94,114.19,712196,0,0
2020-09-14 09:38:00-04:00,114.22,114.25,114.07,114.12,440966,0,0
2020-09-14 09:39:00-04:00,114.12,114.28,113.95,114.23,608176,0,0
2020-09-14 09:40:00-04:00,114.22,114.57,114.16,114.56,817091,0,0
2020-09-14 09:41:00-04:00,114.56,114.62,114.37,114.6,591058,0,0
2020-09-14 09:42:00-04:00,114.6,114.91,114.51,114.89,708658,0,0
2020-09-14 09:43:00-04:00,114.89,114.94,114.73,114.84,558927,0,0
2020-09-14 09:44:00-04:00,114.64,114.75,114.45,114.74,714176,0,0
2020-09-14 09:45:00-04:00,114.75,115.05,114.72,114.99,1063010,0,0
2020-09-14 09:46:00-04:00,114.97,115.32,114.91,115.3,854956,0,0
2020-09-14 09:47:00-04:00,115.32,115.6,115.26,115.47,978312,0,0
2020-09-14 09:48:00-04:00,115.46,115.71,115.31,115.35,916799,0,0
2020-09-14 09:49:00-04:00,115.1,115.46,114.96,115.43,975243,0,0
2020-09-14 09:50:00-04:00,115.46,115.57,115.15,115.24,567482,0,0
2020-09-14 09:51:00-04:00,115.32,115.47,115.23,115.37,407935,0,0
2020-09-14 09:52:00-04:00,115.36,115.44,115.2,115.3,450651,0,0
2020-09-14 09:53:00-04:00,115.32,115.32,114.83,114.96,655194,0,0
2020-09-14 09:54:00-04:00,114.93,115.13,114.93,115.07,527466,0,0
2020-09-14 09:55:00-04:00,115.08,115.23,114.94,115.06,571422,0,0
2020-09-14 09:56:00-04:00,115.09,115.24,114.93,115.02,466026,0,0
2020-09-14 09:57:00-04:00,115.01,115.04,114.9,114.99,325413,0,0
2020-09-14 09:58:00-04:00,114.96,114.98,114.75,114.89,409610,0,0
2020-09-14 09:59:00-04:00,114.89,114.97,114.73,114.83,385489,0,0
2020-09-14 10:00:00-04:00,114.87,114.95,114.51,114.57,515120,0,0
2020-09-14 10:01:00-04:00,114.56,114.69,114.43,114.68,525257,0,0
2020-09-14 10:02:00-04:00,114.68,115.04,114.67,114.93,552856,0,0
2020-09-14 10:03:00-04:00,114.95,115.1,114.89,114.91,464957,0,0
2020-09-14 10:04:00-04:00,114.91,115.16,114.85,115.15,436432,0,0
2020-09-14 10:05:00-04:00,115.15,115.15,114.97,115.04,297430,0,0
2020-09-14 10:06:00-04:00,115.06,115.24,114.97,115.15,416624,0,0
2020-09-14 10:07:00-04:00,115.16,115.16,114.92,115.06,356960,0,0
2020-09-14 10:08:00-04:00,115.06,115.11,114.9,115.1,317294,0,0
2020-09-14 10:09:00-04:00,115.1,115.42,115.1,115.38,1544317,0,0
2020-09-14 10:10:00-04:00,115.38,115.39,115.11,115.15,428820,0,0
2020-09-14 10:11:00-04:00,115.16,115.27,114.98,115.01,353313,0,0
2020-09-14 10:12:00-04:00,115.03,115.04,114.92,115.03,317538,0,0
2020-09-14 10:13:00-04:00,115.03,115.28,114.98,115.18,362309,0,0
2020-09-14 10:14:00-04:00,115.18,115.22,115.0,115.1,291909,0,0
2020-09-14 10:15:00-04:00,115.11,115.18,114.93,115.16,338707,0,0
2020-09-14 10:16:00-04:00,115.15,115.19,115.04,115.11,356370,0,0
2020-09-14 10:17:00-04:00,115.12,115.18,114.97,115.03,343216,0,0
2020-09-14 10:18:00-04:00,115.04,115.08,114.92,115.06,266988,0,0
2020-09-14 10:19:00-04:00,115.06,115.08,114.85,114.93,418287,0,0
2020-09-14 10:20:00-04:00,114.93,115.03,114.82,114.89,309984,0,0
2020-09-14 10:21:00-04:00,114.89,115.04,114.88,114.89,298640,0,0
2020-09-14 10:22:00-04:00,114.88,114.93,114.73,114.91,419759,0,0
2020-09-14 10:23:00-04:00,114.91,115.07,114.86,114.9,414236,0,0
2020-09-14 10:24:00-04:00,114.91,114.97,114.87,114.95,259421,0,0
2020-09-14 10:25:00-04:00,114.95,115.02,114.86,114.99,348389,0,0
2020-09-14 10:26:00-04:00,114.99,115.09,114.98,114.99,430703,0,0
2020-09-14 10:27:00-04:00,115.0,115.04,114.91,114.92,282828,0,0
2020-09-14 10:28:00-04:00,114.91,114.94,114.84,114.93,341309,0,0
2020-09-14 10:29:00-04:00,114.93,115.08,114.91,115.0,373071,0,0
2020-09-14 10:30:00-04:00,115.0,115.02,114.76,114.81,330410,0,0
2020-09-14 10:31:00-04:00,114.81,114.82,114.31,114.37,567827,0,0
2020-09-14 10:32:00-04:00,114.38,114.47,114.2,114.44,404453,0,0
2020-09-14 10:33:00-04:00,114.45,114.54,114.37,114.38,344482,0,0
2020-09-14 10:34:00-04:00,114.38,114.46,114.22,114.43,552118,0,0
2020-09-14 10:35:00-04:00,114.43,114.92,114.4,114.91,774644,0,0
2020-09-14 10:36:00-04:00,114.9,115.0,114.72,114.73,512865,0,0
2020-09-14 10:37:00-04:00,114.74,114.89,114.73,114.84,254295,0,0
2020-09-14 10:38:00-04:00,114.85,114.9,114.61,114.64,392286,0,0
2020-09-14 10:39:00-04:00,114.64,114.72,114.53,114.57,221859,0,0
2020-09-14 10:40:00-04:00,114.57,114.61,114.38,114.39,360694,0,0
2020-09-14 10:41:00-04:00,114.39,114.47,114.31,114.38,265992,0,0
2020-09-14 10:42:00-04:00,114.36,114.53,114.33,114.46,238307,0,0
2020-09-14 10:43:00-04:00,114.46,114.51,114.41,114.49,311172,0,0
2020-09-14 10:44:00-04:00,114.49,114.53,114.13,114.22,429448,0,0
2020-09-14 10:45:00-04:00,114.21,114.29,114.01,114.08,404578,0,0
2020-09-14 10:46:00-04:00,114.07,114.13,113.95,114.07,592015,0,0
2020-09-14 10:47:00-04:00,114.06,114.07,113.85,113.92,424263,0,0
2020-09-14 10:48:00-04:00,113.91,114.09,113.91,113.96,421712,0,0
2020-09-14 10:49:00-04:00,113.95,114.08,113.93,113.98,363850,0,0
2020-09-14 10:50:00-04:00,113.99,114.17,113.95,114.11,380903,0,0
2020-09-14 10:51:00-04:00,114.1,114.2,114.06,114.16,323558,0,0
2020-09-14 10:52:00-04:00,114.17,114.33,114.16,114.23,374547,0,0
2020-09-14 10:53:00-04:00,114.23,114.24,114.07,114.22,266066,0,0
2020-09-14 10:54:00-04:00,114.22,114.27,114.14,114.2,246574,0,0
2020-09-14 10:55:00-04:00,114.19,114.19,114.01,114.02,294825,0,0
2020-09-14 10:56:00-04:00,114.03,114.14,114.02,114.09,209423,0,0
2020-09-14 10:57:00-04:00,114.08,114.26,114.07,114.21,250122,0,0
2020-09-14 10:58:00-04:00,114.21,114.38,114.19,114.35,333220,0,0
2020-09-14 10:59:00-04:00,114.36,114.52,114.35,114.49,309286,0,0
2020-09-14 11:00:00-04:00,114.5,114.5,114.35,114.44,281852,0,0
2020-09-14 11:01:00-04:00,114.45,114.48,114.32,114.34,242579,0,0
2020-09-14 11:02:00-04:00,114.34,114.46,114.32,114.4,280674,0,0
2020-09-14 11:03:00-04:00,114.42,114.43,114.2,114.21,290502,0,0
2020-09-14 11:04:00-04:00,114.21,114.4,114.2,114.31,264369,0,0
2020-09-14 11:05:00-04:00,114.3,114.42,114.26,114.41,201408,0,0
2020-09-14 11:06:00-04:00,114.41,114.55,114.37,114.5,315537,0,0
2020-09-14 11:07:00-04:00,114.5,114.52,114.45,114.45,155357,0,0
2020-09-14 11:08:00-04:00,114.43,114.43,114.26,114.29,309997,0,0
2020-09-14 11:09:00-04:00,114.29,114.38,114.21,114.24,257603,0,0
2020-09-14 11:10:00-04:00,114.23,114.24,113.95,113.97,512501,0,0
2020-09-14 11:11:00-04:00,113.98,114.03,113.76,113.83,409126,0,0
2020-09-14 11:12:00-04:00,113.82,113.87,113.76,113.76,277476,0,0
2020-09-14 11:13:00-04:00,113.77,113.97,113.67,113.92,430213,0,0
2020-09-14 11:14:00-04:00,113.92,113.95,113.89,113.92,46742,0,0
2020-09-14 11:15:00-04:00,113.86,113.99,113.82,113.95,436143,0,0
2020-09-14 11:16:00-04:00,113.96,114.05,113.94,114.05,241667,0,0
2020-09-14 11:17:00-04:00,114.05,114.14,114.04,114.05,218035,0,0
2020-09-14 11:18:00-04:00,114.05,114.09,113.98,114.05,201131,0,0
2020-09-14 11:19:00-04:00,114.04,114.04,113.86,113.86,222439,0,0
2020-09-14 11:20:00-04:00,113.87,114.0,113.86,113.86,207014,0,0
2020-09-14 11:21:00-04:00,113.87,113.99,113.86,113.93,224276,0,0
2020-09-14 11:22:00-04:00,113.92,113.99,113.85,113.87,226069,0,0
2020-09-14 11:23:00-04:00,113.87,114.06,113.82,113.91,286748,0,0
2020-09-14 11:24:00-04:00,113.9,114.02,113.9,113.97,226777,0,0
2020-09-14 11:25:00-04:00,113.97,114.0,113.89,113.96,178283,0,0
2020-09-14 11:26:00-04:00,113.94,114.0,113.87,113.88,239699,0,0
2020-09-14 11:27:00-04:00,113.9,113.94,113.85,113.85,209122,0,0
2020-09-14 11:28:00-04:00,113.86,113.98,113.84,113.96,192680,0,0
2020-09-14 11:29:00-04:00,113.95,114.16,113.92,114.15,272348,0,0
2020-09-14 11:30:00-04:00,114.15,114.32,114.13,114.32,295019,0,0
2020-09-14 11:31:00-04:00,114.31,114.36,114.26,114.28,272362,0,0
2020-09-14 11:32:00-04:00,114.28,114.35,114.24,114.24,203948,0,0
2020-09-14 11:33:00-04:00,114.23,114.24,114.06,114.17,227059,0,0
2020-09-14 11:34:00-04:00,114.18,114.31,114.11,114.29,189290,0,0
2020-09-14 11:35:00-04:00,114.29,114.46,114.29,114.43,260353,0,0
2020-09-14 11:36:00-04:00,114.42,114.49,114.4,114.46,180059,0,0
2020-09-14 11:37:00-04:00,114.45,114.47,114.26,114.29,417976,0,0
2020-09-14 11:38:00-04:00,114.31,114.37,114.13,114.22,169588,0,0
2020-09-14 11:39:00-04:00,114.22,114.41,114.22,114.39,199731,0,0
2020-09-14 11:40:00-04:00,114.39,114.45,114.35,114.45,141104,0,0
2020-09-14 11:41:00-04:00,114.44,114.45,114.33,114.37,143252,0,0
2020-09-14 11:42:00-04:00,114.37,114.42,114.35,114.38,165150,0,0
2020-09-14 11:43:00-04:00,114.38,114.47,114.38,114.41,157990,0,0
2020-09-14 11:44:00-04:00,114.42,114.45,114.33,114.39,140322,0,0
2020-09-14 11:45:00-04:00,114.38,114.45,114.25,114.28,152345,0,0
2020-09-14 11:46:00-04:00,114.27,114.35,114.21,114.24,108428,0,0
2020-09-14 11:47:00-04:00,114.16,114.21,114.16,114.19,216968,0,0
2020-09-14 11:48:00-04:00,114.19,114.23,114.08,114.19,185002,0,0
2020-09-14 11:49:00-04:00,114.18,114.21,114.09,114.14,134809,0,0
2020-09-14 11:50:00-04:00,114.14,114.3,114.14,114.29,208763,0,0
2020-09-14 11:51:00-04:00,114.29,114.34,114.18,114.21,148173,0,0
2020-09-14 11:52:00-04:00,114.2,114.38,114.2,114.36,279618,0,0
2020-09-14 11:53:00-04:00,114.37,114.48,114.33,114.46,228188,0,0
2020-09-14 11:54:00-04:00,114.46,114.53,114.45,114.51,232393,0,0
2020-09-14 11:55:00-04:00,114.52,114.54,114.43,114.51,164015,0,0
2020-09-14 11:56:00-04:00,114.51,114.52,114.41,114.5,150351,0,0
2020-09-14 11:57:00-04:00,114.49,114.75,114.44,114.7,361471,0,0
2020-09-14 11:58:00-04:00,114.7,114.75,114.61,114.72,207926,0,0
2020-09-14 11:59:00-04:00,114.72,114.73,114.5,114.51,260191,0,0
2020-09-14 12:00:00-04:00,114.51,114.6,114.33,114.57,330184,0,0
2020-09-14 12:01:00-04:00,114.56,114.73,114.55,114.72,338057,0,0
2020-09-14 12:02:00-04:00,114.73,114.73,114.61,114.66,229821,0,0
2020-09-14 12:03:00-04:00,114.66,114.72,114.62,114.67,213126,0,0
2020-09-14 12:04:00-04:00,114.66,114.81,114.64,114.77,280213,0,0
2020-09-14 12:05:00-04:00,114.78,114.8,114.67,114.8,233196,0,0
2020-09-14 12:06:00-04:00,114.8,114.8,114.68,114.75,234623,0,0
2020-09-14 12:07:00-04:00,114.74,114.75,114.6,114.68,245501,0,0
2020-09-14 12:08:00-04:00,114.7,114.74,114.64,114.67,187135,0,0
2020-09-14 12:09:00-04:00,114.67,114.71,114.65,114.68,236887,0,0
2020-09-14 12:10:00-04:00,114.68,114.73,114.6,114.63,218260,0,0
2020-09-14 12:11:00-04:00,114.64,114.66,114.57,114.6,132979,0,0
2020-09-14 12:12:00-04:00,114.6,114.64,114.55,114.58,131487,0,0
2020-09-14 12:13:00-04:00,114.59,114.59,114.5,114.51,217836,0,0
2020-09-14 12:14:00-04:00,114.51,114.55,114.24,114.25,391433,0,0
2020-09-14 12:15:00-04:00,114.24,114.35,114.22,114.27,306798,0,0
2020-09-14 12:16:00-04:00,114.27,114.43,114.27,114.41,221033,0,0
2020-09-14 12:17:00-04:00,114.41,114.44,114.33,114.38,208556,0,0
2020-09-14 12:18:00-04:00,114.39,114.44,114.36,114.4,117041,0,0
2020-09-14 12:19:00-04:00,114.4,114.41,114.25,114.26,161523,0,0
2020-09-14 12:20:00-04:00,114.27,114.3,114.13,114.18,270909,0,0
2020-09-14 12:21:00-04:00,114.16,114.21,114.08,114.15,221920,0,0
2020-09-14 12:22:00-04:00,114.15,114.27,114.11,114.24,237842,0,0
2020-09-14 12:23:00-04:00,114.25,114.25,114.12,114.13,127811,0,0
2020-09-14 12:24:00-04:00,114.14,114.24,114.12,114.21,125006,0,0
2020-09-14 12:25:00-04:00,114.22,114.28,114.15,114.26,156972,0,0
2020-09-14 12:26:00-04:00,114.25,114.33,114.23,114.31,174372,0,0
2020-09-14 12:27:00-04:00,114.31,114.33,114.24,114.29,155876,0,0
2020-09-14 12:28:00-04:00,114.29,114.29,114.04,114.04,204381,0,0
2020-09-14 12:29:00-04:00,114.04,114.15,114.02,114.11,137567,0,0
2020-09-14 12:30:00-04:00,114.12,114.29,114.11,114.22,142320,0,0
2020-09-14 12:31:00-04:00,114.23,114.23,114.05,114.1,169408,0,0
2020-09-14 12:32:00-04:00,114.11,114.11,114.0,114.08,333380,0,0
2020-09-14 12:33:00-04:00,114.08,114.14,114.07,114.12,103472,0,0
2020-09-14 12:34:00-04:00,114.11,114.14,114.06,114.1,140231,0,0
2020-09-14 12:35:00-04:00,114.07,114.23,114.06,114.15,165266,0,0
2020-09-14 12:36:00-04:00,114.16,114.23,114.11,114.21,113661,0,0
2020-09-14 12:37:00-04:00,114.21,114.31,114.21,114.27,193802,0,0
2020-09-14 12:38:00-04:00,114.26,114.27,114.12,114.14,111874,0,0
2020-09-14 12:39:00-04:00,114.13,114.22,114.13,114.19,105693,0,0
2020-09-14 12:40:00-04:00,114.19,114.34,114.17,114.31,602333,0,0
2020-09-14 12:41:00-04:00,114.31,114.38,114.28,114.34,156809,0,0
2020-09-14 12:42:00-04:00,114.35,114.46,114.33,114.41,219032,0,0
2020-09-14 12:43:00-04:00,114.4,114.6,114.35,114.57,231639,0,0
2020-09-14 12:44:00-04:00,114.58,114.6,114.45,114.48,241304,0,0
2020-09-14 12:45:00-04:00,114.49,114.52,114.42,114.44,171634,0,0
2020-09-14 12:46:00-04:00,114.44,114.51,114.4,114.4,162011,0,0
2020-09-14 12:47:00-04:00,114.4,114.5,114.36,114.49,160531,0,0
2020-09-14 12:48:00-04:00,114.49,114.58,114.4,114.41,217676,0,0
2020-09-14 12:49:00-04:00,114.4,114.46,114.32,114.34,154647,0,0
2020-09-14 12:50:00-04:00,114.34,114.46,114.3,114.44,154133,0,0
2020-09-14 12:51:00-04:00,114.44,114.54,114.4,114.52,157912,0,0
2020-09-14 12:52:00-04:00,114.51,114.51,114.4,114.45,96711,0,0
2020-09-14 12:53:00-04:00,114.46,114.47,114.35,114.36,122656,0,0
2020-09-14 12:54:00-04:00,114.37,114.41,114.08,114.13,336785,0,0
2020-09-14 12:55:00-04:00,114.12,114.19,114.11,114.16,165467,0,0
2020-09-14 12:56:00-04:00,114.17,114.25,114.14,114.18,154867,0,0
2020-09-14 12:57:00-04:00,114.18,114.23,114.13,114.19,128369,0,0
2020-09-14 12:58:00-04:00,114.19,114.28,114.17,114.25,139052,0,0
2020-09-14 12:59:00-04:00,114.25,114.35,114.22,114.34,137013,0,0
2020-09-14 13:00:00-04:00,114.35,114.48,114.34,114.42,201662,0,0
2020-09-14 13:01:00-04:00,114.42,114.43,114.31,114.36,157716,0,0
2020-09-14 13:02:00-04:00,114.36,114.37,114.22,114.23,136029,0,0
2020-09-14 13:03:00-04:00,114.25,114.29,114.2,114.2,105635,0,0
2020-09-14 13:04:00-04:00,114.2,114.22,114.07,114.09,225754,0,0
2020-09-14 13:05:00-04:00,114.08,114.16,114.04,114.04,197573,0,0
2020-09-14 13:06:00-04:00,114.03,114.08,113.86,113.88,491671,0,0
2020-09-14 13:07:00-04:00,113.87,114.07,113.87,114.03,234020,0,0
2020-09-14 13:08:00-04:00,114.03,114.04,113.91,113.92,176899,0,0
2020-09-14 13:09:00-04:00,113.91,113.99,113.91,113.99,149649,0,0
2020-09-14 13:10:00-04:00,113.99,114.07,113.95,114.02,228086,0,0
2020-09-14 13:11:00-04:00,114.01,114.01,113.86,113.9,214873,0,0
2020-09-14 13:12:00-04:00,113.89,114.05,113.88,113.92,181005,0,0
2020-09-14 13:13:00-04:00,113.92,114.06,113.92,114.03,144220,0,0
2020-09-14 13:14:00-04:00,114.02,114.05,113.9,113.95,187843,0,0
2020-09-14 13:15:00-04:00,113.94,113.94,113.71,113.75,339770,0,0
2020-09-14 13:16:00-04:00,113.76,113.76,113.44,113.52,570155,0,0
2020-09-14 13:17:00-04:00,113.53,113.63,113.48,113.5,331856,0,0
2020-09-14 13:18:00-04:00,113.51,113.51,113.3,113.36,432913,0,0
2020-09-14 13:19:00-04:00,113.35,113.37,113.26,113.35,310026,0,0
2020-09-14 13:20:00-04:00,113.34,113.59,113.34,113.54,402906,0,0
2020-09-14 13:21:00-04:00,113.55,113.55,113.42,113.47,297689,0,0
2020-09-14 13:22:00-04:00,113.47,113.48,113.22,113.25,324757,0,0
2020-09-14 13:23:00-04:00,113.26,113.38,113.19,113.34,356187,0,0
2020-09-14 13:24:00-04:00,113.35,113.41,113.32,113.33,255094,0,0
2020-09-14 13:25:00-04:00,113.34,113.4,113.19,113.39,317285,0,0
2020-09-14 13:26:00-04:00,113.38,113.5,113.32,113.46,254131,0,0
2020-09-14 13:27:00-04:00,113.45,113.55,113.33,113.55,225647,0,0
2020-09-14 13:28:00-04:00,113.55,113.75,113.53,113.74,321197,0,0
2020-09-14 13:29:00-04:00,113.73,113.74,113.57,113.64,250956,0,0
2020-09-14 13:30:00-04:00,113.62,113.73,113.48,113.51,240740,0,0
2020-09-14 13:31:00-04:00,113.5,113.58,113.33,113.33,222628,0,0
2020-09-14 13:32:00-04:00,113.35,113.4,112.8,112.92,906771,0,0
2020-09-14 13:33:00-04:00,112.91,113.25,112.9,113.11,327388,0,0
2020-09-14 13:34:00-04:00,113.11,113.23,113.1,113.2,236437,0,0
2020-09-14 13:35:00-04:00,113.2,113.31,113.1,113.25,197017,0,0
2020-09-14 13:36:00-04:00,113.25,113.4,113.25,113.35,202023,0,0
2020-09-14 13:37:00-04:00,113.34,113.51,113.32,113.42,230782,0,0
2020-09-14 13:38:00-04:00,113.4,113.41,113.25,113.3,179639,0,0
2020-09-14 13:39:00-04:00,113.31,113.45,113.3,113.39,176433,0,0
2020-09-14 13:40:00-04:00,113.39,113.5,113.33,113.36,216473,0,0
2020-09-14 13:41:00-04:00,113.34,113.46,113.27,113.35,215870,0,0
2020-09-14 13:42:00-04:00,113.35,113.5,113.31,113.43,179774,0,0
2020-09-14 13:43:00-04:00,113.41,113.46,113.36,113.44,103711,0,0
2020-09-14 13:44:00-04:00,113.43,113.48,113.34,113.39,144298,0,0
2020-09-14 13:45:00-04:00,113.39,113.57,113.26,113.54,286674,0,0
2020-09-14 13:46:00-04:00,113.55,113.58,113.51,113.54,159844,0,0
2020-09-14 13:47:00-04:00,113.55,113.65,113.5,113.61,150280,0,0
2020-09-14 13:48:00-04:00,113.6,113.74,113.56,113.72,176950,0,0
2020-09-14 13:49:00-04:00,113.73,113.74,113.64,113.68,153088,0,0
2020-09-14 13:50:00-04:00,113.68,113.73,113.6,113.67,157978,0,0
2020-09-14 13:51:00-04:00,113.67,113.82,113.66,113.78,220223,0,0
2020-09-14 13:52:00-04:00,113.79,113.82,113.73,113.76,174906,0,0
2020-09-14 13:53:00-04:00,113.75,113.79,113.7,113.78,150508,0,0
2020-09-14 13:54:00-04:00,113.79,113.84,113.77,113.79,132618,0,0
2020-09-14 13:55:00-04:00,113.78,113.87,113.77,113.79,163672,0,0
2020-09-14 13:56:00-04:00,113.79,113.81,113.66,113.69,176965,0,0
2020-09-14 13:57:00-04:00,113.68,113.79,113.68,113.75,123103,0,0
2020-09-14 13:58:00-04:00,113.75,113.77,113.68,113.71,131580,0,0
2020-09-14 13:59:00-04:00,113.71,113.81,113.7,113.72,148165,0,0
2020-09-14 14:00:00-04:00,113.72,113.73,113.52,113.54,219314,0,0
2020-09-14 14:01:00-04:00,113.53,113.62,113.43,113.45,252418,0,0
2020-09-14 14:02:00-04:00,113.48,113.64,113.45,113.58,171888,0,0
2020-09-14 14:03:00-04:00,113.57,113.66,113.55,113.59,137443,0,0
2020-09-14 14:04:00-04:00,113.59,113.75,113.59,113.74,139946,0,0
2020-09-14 14:05:00-04:00,113.74,113.9,113.7,113.88,253505,0,0
2020-09-14 14:06:00-04:00,113.88,114.0,113.83,114.0,304761,0,0
2020-09-14 14:07:00-04:00,113.99,114.08,113.91,114.07,342082,0,0
2020-09-14 14:08:00-04:00,114.07,114.18,114.03,114.07,349344,0,0
2020-09-14 14:09:00-04:00,114.05,114.12,113.98,114.07,268571,0,0
2020-09-14 14:10:00-04:00,114.08,114.12,114.01,114.05,219147,0,0
2020-09-14 14:11:00-04:00,114.06,114.29,114.05,114.29,381239,0,0
2020-09-14 14:12:00-04:00,114.29,114.34,114.18,114.32,289248,0,0
2020-09-14 14:13:00-04:00,114.33,114.42,114.3,114.36,253150,0,0
2020-09-14 14:14:00-04:00,114.36,114.44,114.29,114.39,239822,0,0
2020-09-14 14:15:00-04:00,114.4,114.49,114.3,114.44,356286,0,0
2020-09-14 14:16:00-04:00,114.43,114.45,114.32,114.39,213384,0,0
2020-09-14 14:17:00-04:00,114.39,114.49,114.33,114.44,266147,0,0
2020-09-14 14:18:00-04:00,114.43,114.49,114.26,114.27,280518,0,0
2020-09-14 14:19:00-04:00,114.26,114.29,114.13,114.2,404303,0,0
2020-09-14 14:20:00-04:00,114.21,114.29,114.18,114.26,278027,0,0
2020-09-14 14:21:00-04:00,114.26,114.3,114.17,114.17,237074,0,0
2020-09-14 14:22:00-04:00,114.19,114.42,114.18,114.37,341308,0,0
2020-09-14 14:23:00-04:00,114.37,114.4,114.32,114.36,151267,0,0
2020-09-14 14:24:00-04:00,114.36,114.37,114.29,114.32,145119,0,0
2020-09-14 14:25:00-04:00,114.32,114.32,114.01,114.04,270723,0,0
2020-09-14 14:26:00-04:00,114.05,114.18,114.04,114.11,267907,0,0
2020-09-14 14:27:00-04:00,114.13,114.18,114.02,114.07,203194,0,0
2020-09-14 14:28:00-04:00,114.07,114.1,113.96,114.03,271492,0,0
2020-09-14 14:29:00-04:00,114.04,114.06,113.86,113.94,274217,0,0
2020-09-14 14:30:00-04:00,113.95,114.05,113.94,113.96,205977,0,0
2020-09-14 14:31:00-04:00,113.99,114.14,113.96,114.13,220385,0,0
2020-09-14 14:32:00-04:00,114.14,114.24,114.12,114.17,235462,0,0
2020-09-14 14:33:00-04:00,114.18,114.29,114.11,114.21,177026,0,0
2020-09-14 14:34:00-04:00,114.21,114.29,114.11,114.17,181002,0,0
2020-09-14 14:35:00-04:00,114.18,114.23,114.07,114.09,197099,0,0
2020-09-14 14:36:00-04:00,114.1,114.2,114.1,114.16,120469,0,0
2020-09-14 14:37:00-04:00,114.16,114.2,114.12,114.15,135502,0,0
2020-09-14 14:38:00-04:00,114.14,114.18,114.11,114.18,87856,0,0
2020-09-14 14:39:00-04:00,114.18,114.23,114.14,114.17,185509,0,0
2020-09-14 14:40:00-04:00,114.18,114.28,114.12,114.24,250193,0,0
2020-09-14 14:41:00-04:00,114.24,114.34,113.94,113.98,345594,0,0
2020-09-14 14:42:00-04:00,113.98,114.11,113.94,114.03,237010,0,0
2020-09-14 14:43:00-04:00,114.01,114.24,113.97,114.21,210807,0,0
2020-09-14 14:44:00-04:00,114.22,114.3,114.21,114.22,190784,0,0
2020-09-14 14:45:00-04:00,114.24,114.27,114.11,114.13,237290,0,0
2020-09-14 14:46:00-04:00,114.14,114.25,114.13,114.21,133583,0,0
2020-09-14 14:47:00-04:00,114.22,114.35,114.21,114.34,186369,0,0
2020-09-14 14:48:00-04:00,114.34,114.36,114.22,114.28,275593,0,0
2020-09-14 14:49:00-04:00,114.28,114.32,114.18,114.31,218118,0,0
2020-09-14 14:50:00-04:00,114.3,114.43,114.24,114.41,254350,0,0
2020-09-14 14:51:00-04:00,114.42,114.59,114.37,114.57,303835,0,0
2020-09-14 14:52:00-04:00,114.56,114.59,114.48,114.57,205232,0,0
2020-09-14 14:53:00-04:00,114.56,114.61,114.52,114.54,240859,0,0
2020-09-14 14:54:00-04:00,114.53,114.54,114.26,114.29,310279,0,0
2020-09-14 14:55:00-04:00,114.29,114.32,113.98,114.09,402801,0,0
2020-09-14 14:56:00-04:00,114.1,114.26,114.07,114.14,273313,0,0
2020-09-14 14:57:00-04:00,114.14,114.3,114.13,114.29,257474,0,0
2020-09-14 14:58:00-04:00,114.29,114.34,114.2,114.34,288106,0,0
2020-09-14 14:59:00-04:00,114.34,114.49,114.34,114.44,263851,0,0
2020-09-14 15:00:00-04:00,114.45,114.5,114.26,114.37,284077,0,0
2020-09-14 15:01:00-04:00,114.37,114.43,114.31,114.4,127316,0,0
2020-09-14 15:02:00-04:00,114.42,114.45,114.3,114.41,149847,0,0
2020-09-14 15:03:00-04:00,114.41,114.41,114.26,114.31,165175,0,0
2020-09-14 15:04:00-04:00,114.31,114.34,114.2,114.32,184806,0,0
2020-09-14 15:05:00-04:00,114.33,114.47,114.27,114.37,255773,0,0
2020-09-14 15:06:00-04:00,114.36,114.51,114.33,114.41,173409,0,0
2020-09-14 15:07:00-04:00,114.42,114.46,114.28,114.39,193874,0,0
2020-09-14 15:08:00-04:00,114.4,114.43,114.3,114.42,151461,0,0
2020-09-14 15:09:00-04:00,114.42,114.54,114.4,114.45,262198,0,0
2020-09-14 15:10:00-04:00,114.45,114.46,114.36,114.39,228518,0,0
2020-09-14 15:11:00-04:00,114.39,114.47,114.34,114.42,171881,0,0
2020-09-14 15:12:00-04:00,114.42,114.5,114.32,114.47,199871,0,0
2020-09-14 15:13:00-04:00,114.46,114.52,114.4,114.4,234254,0,0
2020-09-14 15:14:00-04:00,114.4,114.53,114.39,114.5,235310,0,0
2020-09-14 15:15:00-04:00,114.5,114.51,114.43,114.46,182601,0,0
2020-09-14 15:16:00-04:00,114.46,114.51,114.44,114.48,275300,0,0
2020-09-14 15:17:00-04:00,114.47,114.59,114.44,114.58,321906,0,0
2020-09-14 15:18:00-04:00,114.58,114.86,114.57,114.81,579321,0,0
2020-09-14 15:19:00-04:00,114.82,114.85,114.72,114.8,265845,0,0
2020-09-14 15:20:00-04:00,114.81,114.82,114.7,114.73,239661,0,0
2020-09-14 15:21:00-04:00,114.73,114.77,114.56,114.59,238760,0,0
2020-09-14 15:22:00-04:00,114.6,114.65,114.45,114.47,263010,0,0
2020-09-14 15:23:00-04:00,114.47,114.49,114.26,114.37,285492,0,0
2020-09-14 15:24:00-04:00,114.36,114.41,114.27,114.3,263295,0,0
2020-09-14 15:25:00-04:00,114.31,114.46,114.26,114.31,305710,0,0
2020-09-14 15:26:00-04:00,114.31,114.39,114.24,114.38,322108,0,0
2020-09-14 15:27:00-04:00,114.37,114.62,114.36,114.61,341620,0,0
2020-09-14 15:28:00-04:00,114.61,114.66,114.55,114.58,275577,0,0
2020-09-14 15:29:00-04:00,114.57,114.62,114.51,114.57,187195,0,0
2020-09-14 15:30:00-04:00,114.55,114.75,114.53,114.75,268339,0,0
2020-09-14 15:31:00-04:00,114.74,114.76,114.65,114.68,198639,0,0
2020-09-14 15:32:00-04:00,114.69,114.81,114.68,114.78,265118,0,0
2020-09-14 15:33:00-04:00,114.79,114.83,114.71,114.76,245689,0,0
2020-09-14 15:34:00-04:00,114.75,114.95,114.71,114.93,355097,0,0
2020-09-14 15:35:00-04:00,114.94,115.0,114.84,114.98,395888,0,0
2020-09-14 15:36:00-04:00,114.97,115.0,114.93,114.96,429268,0,0
2020-09-14 15:37:00-04:00,114.95,115.17,114.94,115.17,693452,0,0
2020-09-14 15:38:00-04:00,115.18,115.25,115.11,115.25,578200,0,0
2020-09-14 15:39:00-04:00,115.25,115.28,115.13,115.19,344541,0,0
2020-09-14 15:40:00-04:00,115.19,115.38,115.17,115.38,472044,0,0
2020-09-14 15:41:00-04:00,115.38,115.4,115.26,115.35,401713,0,0
2020-09-14 15:42:00-04:00,115.35,115.54,115.29,115.5,681953,0,0
2020-09-14 15:43:00-04:00,115.5,115.53,115.41,115.5,421954,0,0
2020-09-14 15:44:00-04:00,115.5,115.69,115.49,115.66,616916,0,0
2020-09-14 15:45:00-04:00,115.67,115.71,115.54,115.61,556157,0,0
2020-09-14 15:46:00-04:00,115.61,115.63,115.38,115.53,620979,0,0
2020-09-14 15:47:00-04:00,115.51,115.68,115.42,115.66,481965,0,0
2020-09-14 15:48:00-04:00,115.66,115.89,115.65,115.76,1026442,0,0
2020-09-14 15:49:00-04:00,115.75,115.93,115.75,115.87,530039,0,0
2020-09-14 15:50:00-04:00,115.87,115.88,115.44,115.64,794005,0,0
2020-09-14 15:51:00-04:00,115.66,115.69,115.48,115.54,399296,0,0
2020-09-14 15:52:00-04:00,115.53,115.6,115.4,115.57,539072,0,0
2020-09-14 15:53:00-04:00,115.58,115.61,115.35,115.46,458917,0,0
2020-09-14 15:54:00-04:00,115.46,115.57,115.38,115.47,643722,0,0
2020-09-14 15:55:00-04:00,115.47,115.59,115.41,115.46,738116,0,0
2020-09-14 15:56:00-04:00,115.46,115.51,115.26,115.42,535845,0,0
2020-09-14 15:57:00-04:00,115.42,115.47,115.3,115.39,454017,0,0
2020-09-14 15:58:00-04:00,115.39,115.55,115.3,115.53,568345,0,0
2020-09-14 15:59:00-04:00,115.54,115.6,115.17,115.36,1247636,0,0
2020-09-15 09:30:00-04:00,118.33,118.83,117.75,117.79,7464089,0,0
2020-09-15 09:31:00-04:00,117.79,118.02,117.57,117.75,1000341,0,0
2020-09-15 09:32:00-04:00,117.74,118.05,117.45,117.99,999883,0,0
2020-09-15 09:33:00-04:00,117.99,118.08,117.46,117.99,944487,0,0
2020-09-15 09:34:00-04:00,117.69,117.99,117.62,117.83,610321,0,0
2020-09-15 09:35:00-04:00,117.57,117.89,117.43,117.63,755357,0,0
2020-09-15 09:36:00-04:00,117.64,117.98,117.5,117.78,557133,0,0
2020-09-15 09:37:00-04:00,117.77,117.98,117.65,117.85,638692,0,0
2020-09-15 09:38:00-04:00,117.63,117.92,117.58,117.67,612957,0,0
2020-09-15 09:39:00-04:00,117.65,117.8,117.62,117.79,473884,0,0
2020-09-15 09:40:00-04:00,117.79,117.84,117.45,117.54,715763,0,0
2020-09-15 09:41:00-04:00,117.24,117.59,117.23,117.43,689361,0,0
2020-09-15 09:42:00-04:00,117.41,117.5,117.31,117.39,503190,0,0
2020-09-15 09:43:00-04:00,117.39,117.63,117.37,117.55,595019,0,0
2020-09-15 09:44:00-04:00,117.56,117.64,117.44,117.47,447138,0,0
2020-09-15 09:45:00-04:00,117.35,117.53,117.26,117.38,529881,0,0
2020-09-15 09:46:00-04:00,117.38,117.63,117.38,117.57,667283,0,0
2020-09-15 09:47:00-04:00,117.58,117.97,117.57,117.88,861260,0,0
2020-09-15 09:48:00-04:00,117.96,118.07,117.89,118.01,826433,0,0
2020-09-15 09:49:00-04:00,118.06,118.15,117.96,117.97,722481,0,0
2020-09-15 09:50:00-04:00,117.97,118.14,117.85,117.87,581141,0,0
2020-09-15 09:51:00-04:00,117.85,118.03,117.78,117.89,582518,0,0
2020-09-15 09:52:00-04:00,117.94,118.05,117.9,117.96,511647,0,0
2020-09-15 09:53:00-04:00,118.02,118.09,117.94,118.03,442511,0,0
2020-09-15 09:54:00-04:00,118.06,118.19,118.03,118.14,535377,0,0
2020-09-15 09:55:00-04:00,118.28,118.29,118.13,118.24,592751,0,0
2020-09-15 09:56:00-04:00,118.25,118.25,117.87,118.03,597255,0,0
2020-09-15 09:57:00-04:00,118.05,118.06,117.82,117.89,481699,0,0
2020-09-15 09:58:00-04:00,117.88,118.03,117.87,117.89,391623,0,0
2020-09-15 09:59:00-04:00,117.98,118.06,117.89,118.04,306591,0,0
2020-09-15 10:00:00-04:00,118.04,118.08,117.83,117.91,452906,0,0
2020-09-15 10:01:00-04:00,117.9,118.0,117.82,117.93,320033,0,0
2020-09-15 10:02:00-04:00,117.92,117.95,117.72,117.76,359430,0,0
2020-09-15 10:03:00-04:00,117.77,117.86,117.73,117.77,346725,0,0
2020-09-15 10:04:00-04:00,117.77,117.87,117.68,117.69,347380,0,0
2020-09-15 10:05:00-04:00,117.68,117.75,117.45,117.45,768852,0,0
2020-09-15 10:06:00-04:00,117.45,117.5,117.36,117.49,451624,0,0
2020-09-15 10:07:00-04:00,117.49,117.56,117.42,117.5,370749,0,0
2020-09-15 10:08:00-04:00,117.49,117.55,117.39,117.52,367842,0,0
2020-09-15 10:09:00-04:00,117.52,117.74,117.49,117.66,381504,0,0
2020-09-15 10:10:00-04:00,117.66,117.84,117.53,117.59,324788,0,0
2020-09-15 10:11:00-04:00,117.59,117.69,117.56,117.64,223476,0,0
2020-09-15 10:12:00-04:00,117.64,117.72,117.48,117.51,301443,0,0
2020-09-15 10:13:00-04:00,117.52,117.59,117.32,117.37,365435,0,0
2020-09-15 10:14:00-04:00,117.36,117.44,117.15,117.21,545301,0,0
2020-09-15 10:15:00-04:00,117.22,117.32,116.92,116.96,863506,0,0
2020-09-15 10:16:00-04:00,116.97,117.18,116.95,117.11,406165,0,0
2020-09-15 10:17:00-04:00,117.12,117.14,116.95,117.02,556920,0,0
2020-09-15 10:18:00-04:00,117.01,117.05,116.95,116.97,368491,0,0
2020-09-15 10:19:00-04:00,116.97,117.02,116.82,116.92,455692,0,0
2020-09-15 10:20:00-04:00,116.94,116.97,116.88,116.93,284373,0,0
2020-09-15 10:21:00-04:00,116.92,116.92,116.55,116.57,633740,0,0
2020-09-15 10:22:00-04:00,116.57,116.58,116.3,116.43,869937,0,0
2020-09-15 10:23:00-04:00,116.43,116.58,116.32,116.35,598371,0,0
2020-09-15 10:24:00-04:00,116.35,116.35,116.07,116.16,678854,0,0
2020-09-15 10:25:00-04:00,116.15,116.49,116.13,116.43,619933,0,0
2020-09-15 10:26:00-04:00,116.42,116.62,116.27,116.59,503488,0,0
2020-09-15 10:27:00-04:00,116.59,116.6,116.48,116.52,478677,0,0
2020-09-15 10:28:00-04:00,116.52,116.53,116.37,116.46,293463,0,0
2020-09-15 10:29:00-04:00,116.46,116.81,116.46,116.73,751493,0,0
2020-09-15 10:30:00-04:00,116.74,116.81,116.66,116.76,463788,0,0
2020-09-15 10:31:00-04:00,116.75,116.77,116.63,116.75,277825,0,0
2020-09-15 10:32:00-04:00,116.74,116.76,116.5,116.55,257037,0,0
2020-09-15 10:33:00-04:00,116.55,116.57,116.22,116.39,478990,0,0
2020-09-15 10:34:00-04:00,116.41,116.52,116.3,116.51,256236,0,0
2020-09-15 10:35:00-04:00,116.52,116.73,116.51,116.71,311159,0,0
2020-09-15 10:36:00-04:00,116.71,116.72,116.45,116.5,284607,0,0
2020-09-15 10:37:00-04:00,116.5,116.62,116.49,116.54,287761,0,0
2020-09-15 10:38:00-04:00,116.56,116.56,116.33,116.37,259502,0,0
2020-09-15 10:39:00-04:00,116.37,116.41,116.24,116.31,460029,0,0
2020-09-15 10:40:00-04:00,116.3,116.32,115.94,116.02,889265,0,0
2020-09-15 10:41:00-04:00,116.02,116.14,116.01,116.07,344589,0,0
2020-09-15 10:42:00-04:00,116.06,116.2,116.02,116.18,327259,0,0
2020-09-15 10:43:00-04:00,116.17,116.18,115.74,115.86,542247,0,0
2020-09-15 10:44:00-04:00,115.85,115.87,115.64,115.71,468036,0,0
2020-09-15 10:45:00-04:00,115.71,116.06,115.71,115.97,551411,0,0
2020-09-15 10:46:00-04:00,115.98,116.23,115.92,116.21,433574,0,0
2020-09-15 10:47:00-04:00,116.22,116.23,116.02,116.21,323056,0,0
2020-09-15 10:48:00-04:00,116.22,116.24,116.07,116.17,266406,0,0
2020-09-15 10:49:00-04:00,116.08,116.27,116.07,116.27,280990,0,0
2020-09-15 10:50:00-04:00,116.25,116.36,116.17,116.34,387968,0,0
2020-09-15 10:51:00-04:00,116.34,116.36,116.29,116.31,47729,0,0
2020-09-15 10:53:00-04:00,116.3,116.44,116.27,116.43,746647,0,0
2020-09-15 10:54:00-04:00,116.44,116.58,116.41,116.54,338687,0,0
2020-09-15 10:55:00-04:00,116.53,116.57,116.48,116.51,283495,0,0
2020-09-15 10:56:00-04:00,116.51,116.52,116.34,116.34,326931,0,0
2020-09-15 10:57:00-04:00,116.36,116.38,116.27,116.34,270108,0,0
2020-09-15 10:58:00-04:00,116.35,116.42,116.29,116.36,248223,0,0
2020-09-15 10:59:00-04:00,116.36,116.55,116.33,116.48,272273,0,0
2020-09-15 11:00:00-04:00,116.49,116.51,116.37,116.4,287802,0,0
2020-09-15 11:01:00-04:00,116.38,116.43,116.26,116.37,258250,0,0
2020-09-15 11:02:00-04:00,116.38,116.58,116.35,116.57,280309,0,0
2020-09-15 11:03:00-04:00,116.58,116.96,116.56,116.86,596975,0,0
2020-09-15 11:04:00-04:00,116.86,116.98,116.79,116.98,503419,0,0
2020-09-15 11:05:00-04:00,116.98,117.08,116.88,117.06,591673,0,0
2020-09-15 11:06:00-04:00,117.06,117.12,116.97,116.99,428730,0,0
2020-09-15 11:07:00-04:00,116.98,117.14,116.98,117.08,396768,0,0
2020-09-15 11:08:00-04:00,117.1,117.33,117.1,117.25,597251,0,0
2020-09-15 11:09:00-04:00,117.25,117.45,117.23,117.45,586371,0,0
2020-09-15 11:10:00-04:00,117.45,117.49,117.37,117.43,514777,0,0
2020-09-15 11:11:00-04:00,117.42,117.43,117.22,117.24,443544,0,0
2020-09-15 11:12:00-04:00,117.25,117.49,117.24,117.38,398996,0,0
2020-09-15 11:13:00-04:00,117.4,117.53,117.33,117.37,384287,0,0
2020-09-15 11:14:00-04:00,117.37,117.47,117.33,117.36,249006,0,0
2020-09-15 11:15:00-04:00,117.36,117.46,117.22,117.24,382480,0,0
2020-09-15 11:16:00-04:00,117.25,117.27,117.06,117.13,556278,0,0
2020-09-15 11:17:00-04:00,117.11,117.15,117.09,117.15,264347,0,0
2020-09-15 11:18:00-04:00,117.13,117.15,117.05,117.13,243672,0,0
2020-09-15 11:19:00-04:00,117.14,117.3,117.12,117.26,349010,0,0
2020-09-15 11:20:00-04:00,117.26,117.29,117.19,117.25,199133,0,0
2020-09-15 11:21:00-04:00,117.24,117.24,117.11,117.12,238789,0,0
2020-09-15 11:22:00-04:00,117.12,117.2,117.09,117.17,157235,0,0
2020-09-15 11:23:00-04:00,117.17,117.28,117.15,117.24,172441,0,0
2020-09-15 11:24:00-04:00,117.24,117.27,117.16,117.18,160251,0,0
2020-09-15 11:25:00-04:00,117.19,117.19,117.03,117.11,237699,0,0
2020-09-15 11:26:00-04:00,117.1,117.18,116.93,117.03,300306,0,0
2020-09-15 11:27:00-04:00,117.04,117.12,116.97,117.08,178300,0,0
2020-09-15 11:28:00-04:00,117.08,117.18,117.07,117.18,183184,0,0
2020-09-15 11:29:00-04:00,117.18,117.22,117.13,117.14,219687,0,0
2020-09-15 11:30:00-04:00,117.15,117.22,117.12,117.19,156431,0,0
2020-09-15 11:31:00-04:00,117.18,117.4,117.17,117.39,275805,0,0
2020-09-15 11:32:00-04:00,117.4,117.57,117.37,117.55,377486,0,0
2020-09-15 11:33:00-04:00,117.55,117.56,117.47,117.52,228321,0,0
2020-09-15 11:34:00-04:00,117.52,117.53,117.39,117.42,295019,0,0
2020-09-15 11:35:00-04:00,117.42,117.53,117.34,117.37,263915,0,0
2020-09-15 11:36:00-04:00,117.39,117.47,117.36,117.4,166603,0,0
2020-09-15 11:37:00-04:00,117.41,117.41,117.26,117.29,299250,0,0
2020-09-15 11:38:00-04:00,117.29,117.32,117.25,117.32,181826,0,0
2020-09-15 11:39:00-04:00,117.32,117.45,117.31,117.42,228727,0,0
2020-09-15 11:40:00-04:00,117.43,117.48,117.35,117.39,260032,0,0
2020-09-15 11:41:00-04:00,117.39,117.41,117.28,117.34,173475,0,0
2020-09-15 11:42:00-04:00,117.34,117.39,117.26,117.33,169084,0,0
2020-09-15 11:43:00-04:00,117.32,117.39,117.3,117.34,129006,0,0
2020-09-15 11:44:00-04:00,117.35,117.36,117.19,117.23,198420,0,0
2020-09-15 11:45:00-04:00,117.23,117.26,117.08,117.11,246440,0,0
2020-09-15 11:46:00-04:00,117.13,117.23,117.09,117.19,196947,0,0
2020-09-15 11:47:00-04:00,117.19,117.3,117.18,117.24,176467,0,0
2020-09-15 11:48:00-04:00,117.24,117.26,117.17,117.23,137348,0,0
2020-09-15 11:49:00-04:00,117.24,117.31,117.23,117.25,206324,0,0
2020-09-15 11:50:00-04:00,117.25,117.28,117.04,117.08,243689,0,0
2020-09-15 11:51:00-04:00,117.08,117.09,116.95,117.0,335879,0,0
2020-09-15 11:52:00-04:00,117.01,117.09,116.96,117.0,176838,0,0
2020-09-15 11:53:00-04:00,116.99,117.13,116.96,117.03,189424,0,0
2020-09-15 11:54:00-04:00,117.03,117.15,117.02,117.11,144274,0,0
2020-09-15 11:55:00-04:00,117.12,117.3,117.12,117.27,279868,0,0
2020-09-15 11:56:00-04:00,117.28,117.45,117.28,117.41,339549,0,0
2020-09-15 11:57:00-04:00,117.41,117.41,117.27,117.29,180184,0,0
2020-09-15 11:58:00-04:00,117.31,117.4,117.25,117.38,125081,0,0
2020-09-15 11:59:00-04:00,117.39,117.43,117.33,117.4,201419,0,0
2020-09-15 12:00:00-04:00,117.41,117.45,117.34,117.44,228073,0,0
2020-09-15 12:01:00-04:00,117.44,117.7,117.4,117.62,627992,0,0
2020-09-15 12:02:00-04:00,117.63,117.64,117.53,117.58,250347,0,0
2020-09-15 12:03:00-04:00,117.57,117.76,117.51,117.75,279759,0,0
2020-09-15 12:04:00-04:00,117.75,117.78,117.67,117.68,315959,0,0
2020-09-15 12:05:00-04:00,117.68,117.81,117.68,117.79,293629,0,0
2020-09-15 12:06:00-04:00,117.78,117.81,117.7,117.76,239869,0,0
2020-09-15 12:07:00-04:00,117.76,117.77,117.64,117.72,224189,0,0
2020-09-15 12:08:00-04:00,117.71,117.72,117.51,117.56,231925,0,0
2020-09-15 12:09:00-04:00,117.57,117.67,117.55,117.64,230245,0,0
2020-09-15 12:10:00-04:00,117.64,117.68,117.53,117.57,175692,0,0
2020-09-15 12:11:00-04:00,117.58,117.61,117.44,117.48,227142,0,0
2020-09-15 12:12:00-04:00,117.49,117.52,117.38,117.48,220340,0,0
2020-09-15 12:13:00-04:00,117.47,117.6,117.46,117.58,218534,0,0
2020-09-15 12:14:00-04:00,117.57,117.65,117.53,117.63,143156,0,0
2020-09-15 12:15:00-04:00,117.62,117.74,117.62,117.72,215174,0,0
2020-09-15 12:16:00-04:00,117.73,117.74,117.65,117.68,176700,0,0
2020-09-15 12:17:00-04:00,117.68,117.71,117.61,117.64,120572,0,0
2020-09-15 12:18:00-04:00,117.63,117.71,117.61,117.65,154259,0,0
2020-09-15 12:19:00-04:00,117.65,117.7,117.62,117.68,122237,0,0
2020-09-15 12:20:00-04:00,117.68,117.7,117.61,117.65,155468,0,0
2020-09-15 12:21:00-04:00,117.65,117.65,117.58,117.6,140874,0,0
2020-09-15 12:22:00-04:00,117.59,117.6,117.47,117.54,236311,0,0
2020-09-15 12:23:00-04:00,117.55,117.56,117.47,117.56,191543,0,0
2020-09-15 12:24:00-04:00,117.56,117.57,117.41,117.42,246306,0,0
2020-09-15 12:25:00-04:00,117.42,117.42,117.13,117.2,412028,0,0
2020-09-15 12:26:00-04:00,117.21,117.42,117.2,117.4,323405,0,0
2020-09-15 12:27:00-04:00,117.4,117.46,117.33,117.35,233422,0,0
2020-09-15 12:28:00-04:00,117.35,117.41,117.34,117.39,172835,0,0
2020-09-15 12:29:00-04:00,117.39,117.52,117.35,117.45,202144,0,0
2020-09-15 12:30:00-04:00,117.44,117.55,117.41,117.53,177107,0,0
2020-09-15 12:31:00-04:00,117.53,117.56,117.48,117.5,175691,0,0
2020-09-15 12:32:00-04:00,117.5,117.5,117.35,117.38,212942,0,0
2020-09-15 12:33:00-04:00,117.38,117.39,117.25,117.27,183618,0,0
2020-09-15 12:34:00-04:00,117.27,117.32,117.26,117.3,149029,0,0
2020-09-15 12:35:00-04:00,117.3,117.4,117.26,117.27,187057,0,0
2020-09-15 12:36:00-04:00,117.26,117.35,117.22,117.32,198595,0,0
2020-09-15 12:37:00-04:00,117.32,117.34,117.22,117.3,138433,0,0
2020-09-15 12:38:00-04:00,117.31,117.38,117.3,117.31,146150,0,0
2020-09-15 12:39:00-04:00,117.32,117.44,117.29,117.43,142424,0,0
2020-09-15 12:40:00-04:00,117.43,117.57,117.43,117.56,379088,0,0
2020-09-15 12:41:00-04:00,117.56,117.63,117.54,117.57,257452,0,0
2020-09-15 12:42:00-04:00,117.58,117.68,117.56,117.62,245570,0,0
2020-09-15 12:43:00-04:00,117.61,117.7,117.61,117.68,176561,0,0
2020-09-15 12:44:00-04:00,117.67,117.76,117.66,117.74,270984,0,0
2020-09-15 12:45:00-04:00,117.74,117.74,117.61,117.64,202909,0,0
2020-09-15 12:46:00-04:00,117.62,117.64,117.58,117.62,156688,0,0
2020-09-15 12:47:00-04:00,117.62,117.65,117.52,117.61,208434,0,0
2020-09-15 12:48:00-04:00,117.6,117.72,117.59,117.69,192936,0,0
2020-09-15 12:49:00-04:00,117.68,117.69,117.57,117.64,183340,0,0
2020-09-15 12:50:00-04:00,117.63,117.65,117.55,117.61,139528,0,0
2020-09-15 12:51:00-04:00,117.61,117.68,117.59,117.62,134508,0,0
2020-09-15 12:52:00-04:00,117.63,117.68,117.61,117.68,152385,0,0
2020-09-15 12:53:00-04:00,117.68,117.88,117.67,117.86,368772,0,0
2020-09-15 12:54:00-04:00,117.86,117.9,117.74,117.88,338831,0,0
2020-09-15 12:55:00-04:00,117.88,118.02,117.86,118.0,785966,0,0
2020-09-15 12:56:00-04:00,118.01,118.11,117.89,117.89,518235,0,0
2020-09-15 12:57:00-04:00,117.89,117.89,117.75,117.85,354547,0,0
2020-09-15 12:58:00-04:00,117.84,117.98,117.83,117.94,356711,0,0
2020-09-15 12:59:00-04:00,117.93,117.93,117.82,117.86,208785,0,0
2020-09-15 13:00:00-04:00,117.86,118.09,117.86,118.07,493392,0,0
2020-09-15 13:01:00-04:00,118.06,118.2,118.04,118.11,503028,0,0
2020-09-15 13:02:00-04:00,118.11,118.13,118.07,118.11,282309,0,0
2020-09-15 13:03:00-04:00,118.1,118.12,117.65,117.65,770612,0,0
2020-09-15 13:04:00-04:00,117.66,117.66,116.76,116.98,1541572,0,0
2020-09-15 13:05:00-04:00,116.97,117.23,116.95,117.18,985892,0,0
2020-09-15 13:06:00-04:00,117.19,117.34,117.01,117.02,684294,0,0
2020-09-15 13:07:00-04:00,117.01,117.3,116.95,117.25,637587,0,0
2020-09-15 13:08:00-04:00,117.26,117.43,117.17,117.33,599695,0,0
2020-09-15 13:09:00-04:00,117.34,117.41,117.18,117.21,428569,0,0
2020-09-15 13:10:00-04:00,117.22,117.63,117.21,117.39,697018,0,0
2020-09-15 13:11:00-04:00,117.4,117.53,117.39,117.45,390402,0,0
2020-09-15 13:12:00-04:00,117.45,117.6,117.34,117.38,419830,0,0
2020-09-15 13:13:00-04:00,117.37,117.5,117.37,117.4,276683,0,0
2020-09-15 13:14:00-04:00,117.4,117.41,117.13,117.25,405085,0,0
2020-09-15 13:15:00-04:00,117.25,117.48,117.24,117.34,344206,0,0
2020-09-15 13:16:00-04:00,117.34,117.43,117.28,117.43,269516,0,0
2020-09-15 13:17:00-04:00,117.43,117.5,117.37,117.37,327168,0,0
2020-09-15 13:18:00-04:00,117.39,117.39,117.06,117.09,429151,0,0
2020-09-15 13:19:00-04:00,117.1,117.27,117.05,117.16,386230,0,0
2020-09-15 13:20:00-04:00,117.18,117.23,116.87,116.9,498135,0,0
2020-09-15 13:21:00-04:00,116.89,116.96,116.61,116.75,740859,0,0
2020-09-15 13:22:00-04:00,116.74,116.77,116.5,116.57,583876,0,0
2020-09-15 13:23:00-04:00,116.57,116.89,116.56,116.88,524364,0,0
2020-09-15 13:24:00-04:00,116.9,117.05,116.86,116.93,509885,0,0
2020-09-15 13:25:00-04:00,116.93,116.93,116.73,116.87,370640,0,0
2020-09-15 13:26:00-04:00,116.86,116.87,116.7,116.73,287110,0,0
2020-09-15 13:27:00-04:00,116.76,116.87,116.7,116.84,288405,0,0
2020-09-15 13:28:00-04:00,116.84,117.16,116.84,116.96,583451,0,0
2020-09-15 13:29:00-04:00,116.96,117.0,116.79,116.83,332781,0,0
2020-09-15 13:30:00-04:00,116.83,116.94,116.72,116.73,282700,0,0
2020-09-15 13:31:00-04:00,116.74,116.88,116.71,116.82,300275,0,0
2020-09-15 13:32:00-04:00,116.83,116.89,116.52,116.62,392670,0,0
2020-09-15 13:33:00-04:00,116.61,116.77,116.59,116.7,262274,0,0
2020-09-15 13:34:00-04:00,116.7,116.91,116.68,116.89,243835,0,0
2020-09-15 13:35:00-04:00,116.89,116.9,116.75,116.84,234854,0,0
2020-09-15 13:36:00-04:00,116.83,117.13,116.78,117.12,413201,0,0
2020-09-15 13:37:00-04:00,117.12,117.13,116.92,117.02,433215,0,0
2020-09-15 13:38:00-04:00,117.02,117.29,117.01,117.28,473856,0,0
2020-09-15 13:39:00-04:00,117.29,117.33,117.11,117.16,500184,0,0
2020-09-15 13:40:00-04:00,117.17,117.25,117.08,117.18,371713,0,0
2020-09-15 13:41:00-04:00,117.18,117.43,117.18,117.37,474061,0,0
2020-09-15 13:42:00-04:00,117.39,117.4,117.22,117.32,315932,0,0
2020-09-15 13:43:00-04:00,117.3,117.37,117.24,117.27,305643,0,0
2020-09-15 13:44:00-04:00,117.28,117.34,117.25,117.31,236192,0,0
2020-09-15 13:45:00-04:00,117.31,117.35,116.95,117.04,523071,0,0
2020-09-15 13:46:00-04:00,117.03,117.23,117.03,117.15,317426,0,0
2020-09-15 13:47:00-04:00,117.15,117.19,117.02,117.17,263166,0,0
2020-09-15 13:48:00-04:00,117.17,117.26,117.15,117.16,316025,0,0
2020-09-15 13:49:00-04:00,117.15,117.22,117.14,117.21,216113,0,0
2020-09-15 13:50:00-04:00,117.21,117.22,117.11,117.15,233539,0,0
2020-09-15 13:51:00-04:00,117.15,117.19,116.91,116.92,392341,0,0
2020-09-15 13:52:00-04:00,116.93,117.07,116.9,117.03,337203,0,0
2020-09-15 13:53:00-04:00,117.03,117.11,116.96,117.08,260419,0,0
2020-09-15 13:54:00-04:00,117.08,117.1,117.0,117.03,270667,0,0
2020-09-15 13:55:00-04:00,117.03,117.05,116.93,117.03,222162,0,0
2020-09-15 13:56:00-04:00,117.03,117.14,117.02,117.13,258487,0,0
2020-09-15 13:57:00-04:00,117.12,117.13,116.92,116.97,327403,0,0
2020-09-15 13:58:00-04:00,116.97,116.99,116.8,116.83,384480,0,0
2020-09-15 13:59:00-04:00,116.84,116.92,116.76,116.79,348627,0,0
2020-09-15 14:00:00-04:00,116.79,116.94,116.78,116.85,344632,0,0
2020-09-15 14:01:00-04:00,116.84,116.9,116.74,116.83,243874,0,0
2020-09-15 14:02:00-04:00,116.81,116.83,116.33,116.36,671886,0,0
2020-09-15 14:03:00-04:00,116.37,116.48,116.0,116.07,1073394,0,0
2020-09-15 14:04:00-04:00,116.07,116.25,116.0,116.08,794402,0,0
2020-09-15 14:05:00-04:00,116.07,116.3,116.06,116.23,556171,0,0
2020-09-15 14:06:00-04:00,116.22,116.23,115.84,115.86,854439,0,0
2020-09-15 14:07:00-04:00,115.83,115.98,115.74,115.86,721856,0,0
2020-09-15 14:08:00-04:00,115.85,115.87,115.36,115.39,1026351,0,0
2020-09-15 14:09:00-04:00,115.39,115.44,115.1,115.18,1187950,0,0
2020-09-15 14:10:00-04:00,115.18,115.66,115.18,115.63,956633,0,0
2020-09-15 14:11:00-04:00,115.64,115.64,115.36,115.53,662793,0,0
2020-09-15 14:12:00-04:00,115.55,115.74,115.38,115.73,604749,0,0
2020-09-15 14:13:00-04:00,115.73,115.89,115.55,115.88,643872,0,0
2020-09-15 14:14:00-04:00,115.87,116.08,115.76,116.04,1093136,0,0
2020-09-15 14:15:00-04:00,116.04,116.11,115.85,116.1,1661802,0,0
2020-09-15 14:16:00-04:00,116.1,116.17,115.91,115.93,572343,0,0
2020-09-15 14:17:00-04:00,115.93,115.99,115.81,115.82,518230,0,0
2020-09-15 14:18:00-04:00,115.82,115.88,115.67,115.73,577080,0,0
2020-09-15 14:19:00-04:00,115.73,115.91,115.68,115.82,373491,0,0
2020-09-15 14:20:00-04:00,115.81,115.95,115.8,115.9,316950,0,0
2020-09-15 14:21:00-04:00,115.88,115.88,115.71,115.82,333723,0,0
2020-09-15 14:22:00-04:00,115.81,115.82,115.51,115.65,446353,0,0
2020-09-15 14:23:00-04:00,115.65,116.0,115.64,115.88,555480,0,0
2020-09-15 14:24:00-04:00,115.9,115.93,115.77,115.83,285253,0,0
2020-09-15 14:25:00-04:00,115.83,115.83,115.4,115.41,557183,0,0
2020-09-15 14:26:00-04:00,115.4,115.44,115.16,115.42,707975,0,0
2020-09-15 14:27:00-04:00,115.39,115.63,115.39,115.58,471181,0,0
2020-09-15 14:28:00-04:00,115.57,115.58,115.33,115.36,337523,0,0
2020-09-15 14:29:00-04:00,115.37,115.38,115.19,115.37,592416,0,0
2020-09-15 14:30:00-04:00,115.38,115.4,115.21,115.29,376837,0,0
2020-09-15 14:31:00-04:00,115.28,115.38,115.2,115.25,351346,0,0
2020-09-15 14:32:00-04:00,115.24,115.25,115.0,115.03,967852,0,0
2020-09-15 14:33:00-04:00,115.04,115.23,115.01,115.21,553787,0,0
2020-09-15 14:34:00-04:00,115.22,115.25,115.01,115.04,479333,0,0
2020-09-15 14:35:00-04:00,115.05,115.33,115.04,115.28,597486,0,0
2020-09-15 14:36:00-04:00,115.29,115.45,115.27,115.43,483628,0,0
2020-09-15 14:37:00-04:00,115.43,115.54,115.29,115.51,634285,0,0
2020-09-15 14:38:00-04:00,115.5,115.52,115.33,115.33,392663,0,0
2020-09-15 14:39:00-04:00,115.34,115.47,115.27,115.41,529444,0,0
2020-09-15 14:40:00-04:00,115.41,115.63,115.39,115.61,531690,0,0
2020-09-15 14:41:00-04:00,115.61,115.64,115.5,115.63,1356684,0,0
2020-09-15 14:42:00-04:00,115.64,115.76,115.61,115.72,532657,0,0
2020-09-15 14:43:00-04:00,115.73,115.73,115.61,115.64,386703,0,0
2020-09-15 14:44:00-04:00,115.63,115.65,115.47,115.54,1257041,0,0
2020-09-15 14:45:00-04:00,115.55,115.75,115.52,115.73,363197,0,0
2020-09-15 14:46:00-04:00,115.73,115.73,115.56,115.62,263879,0,0
2020-09-15 14:47:00-04:00,115.62,115.65,115.56,115.6,317543,0,0
2020-09-15 14:48:00-04:00,115.58,115.65,115.47,115.54,276729,0,0
2020-09-15 14:49:00-04:00,115.53,115.69,115.52,115.68,255061,0,0
2020-09-15 14:50:00-04:00,115.67,115.71,115.55,115.6,244752,0,0
2020-09-15 14:51:00-04:00,115.6,115.66,115.57,115.58,197560,0,0
2020-09-15 14:52:00-04:00,115.58,115.67,115.55,115.58,209660,0,0
2020-09-15 14:53:00-04:00,115.57,115.7,115.57,115.63,219734,0,0
2020-09-15 14:54:00-04:00,115.62,115.66,115.57,115.6,187445,0,0
2020-09-15 14:55:00-04:00,115.59,115.62,115.37,115.4,425055,0,0
2020-09-15 14:56:00-04:00,115.4,115.51,115.38,115.47,243662,0,0
2020-09-15 14:57:00-04:00,115.46,115.49,115.25,115.29,305427,0,0
2020-09-15 14:58:00-04:00,115.29,115.38,115.2,115.25,281141,0,0
2020-09-15 14:59:00-04:00,115.26,115.39,115.25,115.33,259650,0,0
2020-09-15 15:00:00-04:00,115.34,115.36,115.03,115.06,484230,0,0
2020-09-15 15:01:00-04:00,115.06,115.11,114.84,115.0,1206572,0,0
2020-09-15 15:02:00-04:00,114.99,115.0,114.69,114.71,615699,0,0
2020-09-15 15:03:00-04:00,114.72,114.88,114.7,114.78,672918,0,0
2020-09-15 15:04:00-04:00,114.78,114.84,114.51,114.56,651429,0,0
2020-09-15 15:05:00-04:00,114.56,114.58,114.11,114.11,833388,0,0
2020-09-15 15:06:00-04:00,114.14,114.2,113.99,114.0,1103795,0,0
2020-09-15 15:07:00-04:00,114.02,114.08,113.77,113.85,1028141,0,0
2020-09-15 15:08:00-04:00,113.86,114.24,113.61,114.04,1149063,0,0
2020-09-15 15:09:00-04:00,114.01,114.28,113.99,114.2,792928,0,0
2020-09-15 15:10:00-04:00,114.2,114.21,114.0,114.15,558916,0,0
2020-09-15 15:11:00-04:00,114.14,114.17,113.9,114.0,444004,0,0
2020-09-15 15:12:00-04:00,114.01,114.27,113.98,114.12,533477,0,0
2020-09-15 15:13:00-04:00,114.14,114.16,113.95,114.04,425532,0,0
2020-09-15 15:14:00-04:00,114.03,114.14,113.8,113.81,511183,0,0
2020-09-15 15:15:00-04:00,113.82,114.06,113.75,113.91,545149,0,0
2020-09-15 15:16:00-04:00,113.93,114.18,113.91,114.15,471665,0,0
2020-09-15 15:17:00-04:00,114.13,114.34,114.13,114.3,478202,0,0
2020-09-15 15:18:00-04:00,114.3,114.3,114.04,114.17,442924,0,0
2020-09-15 15:19:00-04:00,114.17,114.3,114.1,114.28,300810,0,0
2020-09-15 15:20:00-04:00,114.28,114.3,114.07,114.12,321732,0,0
2020-09-15 15:21:00-04:00,114.13,114.21,113.97,114.09,441893,0,0
2020-09-15 15:22:00-04:00,114.08,114.26,114.05,114.16,276812,0,0
2020-09-15 15:23:00-04:00,114.15,114.2,114.02,114.05,317203,0,0
2020-09-15 15:24:00-04:00,114.06,114.3,114.01,114.28,332921,0,0
2020-09-15 15:25:00-04:00,114.29,114.44,114.17,114.42,496713,0,0
2020-09-15 15:26:00-04:00,114.42,114.69,114.37,114.67,602445,0,0
2020-09-15 15:27:00-04:00,114.66,114.71,114.55,114.65,506053,0,0
2020-09-15 15:28:00-04:00,114.65,114.83,114.64,114.74,487544,0,0
2020-09-15 15:29:00-04:00,114.75,114.84,114.67,114.75,430288,0,0
2020-09-15 15:30:00-04:00,114.74,114.85,114.52,114.56,548705,0,0
2020-09-15 15:31:00-04:00,114.56,114.72,114.54,114.66,291520,0,0
2020-09-15 15:32:00-04:00,114.64,114.65,114.42,114.46,373674,0,0
2020-09-15 15:33:00-04:00,114.47,114.58,114.3,114.32,460039,0,0
2020-09-15 15:34:00-04:00,114.31,114.38,114.12,114.34,474387,0,0
2020-09-15 15:35:00-04:00,114.34,114.67,114.27,114.66,377279,0,0
2020-09-15 15:36:00-04:00,114.67,114.67,114.47,114.51,329886,0,0
2020-09-15 15:37:00-04:00,114.5,114.51,114.14,114.15,414177,0,0
2020-09-15 15:38:00-04:00,114.17,114.45,114.16,114.36,400597,0,0
2020-09-15 15:39:00-04:00,114.36,114.36,114.17,114.27,308003,0,0
2020-09-15 15:40:00-04:00,114.28,114.28,114.11,114.12,300229,0,0
2020-09-15 15:41:00-04:00,114.14,114.33,114.11,114.29,277180,0,0
2020-09-15 15:42:00-04:00,114.28,114.5,114.2,114.38,506306,0,0
2020-09-15 15:43:00-04:00,114.37,114.48,114.31,114.37,330798,0,0
2020-09-15 15:44:00-04:00,114.36,114.43,114.31,114.33,249435,0,0
2020-09-15 15:45:00-04:00,114.34,114.58,114.16,114.57,436136,0,0
2020-09-15 15:46:00-04:00,114.55,114.75,114.53,114.68,573329,0,0
2020-09-15 15:47:00-04:00,114.69,114.69,114.53,114.61,337784,0,0
2020-09-15 15:48:00-04:00,114.61,114.69,114.48,114.59,356343,0,0
2020-09-15 15:49:00-04:00,114.6,114.81,114.56,114.77,508502,0,0
2020-09-15 15:50:00-04:00,114.77,114.89,114.71,114.89,501916,0,0
2020-09-15 15:51:00-04:00,114.9,114.9,114.75,114.9,345705,0,0
2020-09-15 15:52:00-04:00,114.89,115.16,114.89,115.15,708590,0,0
2020-09-15 15:53:00-04:00,115.15,115.33,115.09,115.29,577126,0,0
2020-09-15 15:54:00-04:00,115.28,115.53,115.15,115.51,899029,0,0
2020-09-15 15:55:00-04:00,115.49,115.64,115.35,115.6,811137,0,0
2020-09-15 15:56:00-04:00,115.6,115.79,115.58,115.75,871629,0,0
2020-09-15 15:57:00-04:00,115.74,115.76,115.53,115.62,739731,0,0
2020-09-15 15:58:00-04:00,115.61,115.7,115.53,115.65,1058808,0,0
2020-09-15 15:59:00-04:00,115.68,115.7,115.48,115.54,1218552,0,0
